{
    "epoch": 200.0,
    "eval_accuracy": 0.3098729227761486,
    "eval_loss": 5.664193153381348,
    "eval_runtime": 3.4037,
    "eval_samples": 1,
    "eval_samples_per_second": 0.294,
    "eval_steps_per_second": 0.294,
    "perplexity": 288.3552287902082
}