{
    "epoch": 50.0,
    "eval_accuracy": 0.22485166746232013,
    "eval_loss": 5.6849164962768555,
    "eval_runtime": 6.5658,
    "eval_samples": 43,
    "eval_samples_per_second": 6.549,
    "eval_steps_per_second": 0.914,
    "perplexity": 294.3932610910054
}