{
    "epoch": 200.0,
    "eval_accuracy": 0.3978494623655914,
    "eval_loss": 3.962663412094116,
    "eval_runtime": 3.5156,
    "eval_samples": 1,
    "eval_samples_per_second": 0.284,
    "eval_steps_per_second": 0.284,
    "perplexity": 52.597227650696425
}