{
    "epoch": 500.0,
    "eval_accuracy": 0.4239980449657869,
    "eval_loss": 3.9793689250946045,
    "eval_runtime": 0.6297,
    "eval_samples": 4,
    "eval_samples_per_second": 6.352,
    "eval_steps_per_second": 1.588,
    "perplexity": 53.4832716246652,
    "train_loss": 3.948820646587171,
    "train_runtime": 16522.6397,
    "train_samples": 38,
    "train_samples_per_second": 1.15,
    "train_steps_per_second": 1.15
}